dataset,codec,payload_bytes,realized_ratio,detector,path,seed,point_f1,event_f1,pr_auc,vus_pr,tau,rmse,gpu_model
Spike,R0,4800,1.0,PCA,A,42,0.5555555555555556,0.6666666666666666,0.3012101889532991,0.6958767155653159,0.31530897538306835,0.0,cpu
Spike,R0,4800,1.0,IF,A,42,0.417910447761194,0.4444444444444445,0.2302435202281713,0.6654770834265008,0.5251352256028748,0.0,cpu
Spike,Q8,1208,3.9735099337748343,PCA,A,42,0.5555555555555556,0.6666666666666666,0.30106477880788896,0.6960667586278754,0.31530897538306835,0.005451905273654797,cpu
Spike,Q8,1208,3.9735099337748343,IF,A,42,0.4057971014492754,0.3636363636363636,0.22820153627339546,0.6566105612389338,0.5251352256028748,0.005451905273654797,cpu
Spike,Q4,608,7.894736842105263,PCA,A,42,0.03469210754553339,0.16666666666666669,0.2758369143711915,0.6614201200472257,0.31530897538306835,0.09484131730341717,cpu
Spike,Q4,608,7.894736842105263,IF,A,42,0.17391304347826086,0.06818181818181818,0.15129429492952445,0.5980141191270063,0.5251352256028748,0.09484131730341717,cpu
Spike,R4,150,32.0,D4,B,42,0.0,0.0,0.016395604395604398,0.04593298140385069,2.775142561223385,,cpu
Rhythm,R0,4800,1.0,PCA,A,42,0.8855421686746988,0.4,0.7051403410743969,0.849595763004664,0.11814966475964493,0.0,cpu
Rhythm,R0,4800,1.0,IF,A,42,0.8277945619335347,0.45454545454545453,0.7078000131833376,0.8838925412842562,0.5233571372241831,0.0,cpu
Rhythm,Q8,1208,3.9735099337748343,PCA,A,42,0.8855421686746988,0.4,0.7047591209969948,0.8494232535419155,0.11814966475964493,0.002480368556544292,cpu
Rhythm,Q8,1208,3.9735099337748343,IF,A,42,0.8277945619335347,0.45454545454545453,0.7057967899354556,0.8835773603861803,0.5233571372241831,0.002480368556544292,cpu
Rhythm,Q4,608,7.894736842105263,PCA,A,42,0.32112068965517243,0.052631578947368425,0.7026624218842507,0.8507871450901724,0.11814966475964493,0.042580132393368615,cpu
Rhythm,Q4,608,7.894736842105263,IF,A,42,0.7953890489913544,0.32,0.7041778769420152,0.8738716772986831,0.5233571372241831,0.042580132393368615,cpu
Rhythm,R4,150,32.0,D4,B,42,0.7086614173228346,0.923076923076923,0.6682215628357324,0.7312347082773252,2.079361544879665,,cpu
Drift,R0,4800,1.0,PCA,A,42,0.8294829482948295,0.9333333333333333,0.7711620169679306,0.8461748324663447,0.12315026985470336,0.0,cpu
Drift,R0,4800,1.0,IF,A,42,0.7204819277108434,0.9615384615384615,0.8324553852732061,0.8938221634507719,0.5305317509582371,0.0,cpu
Drift,Q8,1208,3.9735099337748343,PCA,A,42,0.8320526893523601,0.9523809523809523,0.7735940349110928,0.8482123892710951,0.12315026985470336,0.003947236965517281,cpu
Drift,Q8,1208,3.9735099337748343,IF,A,42,0.7266187050359713,0.9615384615384615,0.8327744834725759,0.894239828590125,0.5305317509582371,0.003947236965517281,cpu
Drift,Q4,608,7.894736842105263,PCA,A,42,0.6009615384615384,0.6666666666666666,0.6696125698863693,0.7429131645513443,0.12315026985470336,0.06890749629816109,cpu
Drift,Q4,608,7.894736842105263,IF,A,42,0.7077534791252486,0.5,0.7449806022340563,0.8114903180372811,0.5305317509582371,0.06890749629816109,cpu
Drift,R4,150,32.0,D4,B,42,0.21476510067114093,0.8,0.48186771583283977,0.5250705626538797,2.200009968922311,,cpu
Drift,R4-decode,150,32.0,PCA,A,42,0.5991611743559018,1.0,0.34437542350796874,0.3920634158852808,0.12315026985470336,0.34585739336796645,cpu
Chaos,R0,4800,1.0,PCA,A,42,0.9030303030303031,0.6666666666666666,0.9529326071652184,0.98756066426112,0.12315026985470336,0.0,cpu
Chaos,R0,4800,1.0,IF,A,42,0.8580441640378549,0.4444444444444445,0.8743462191425009,0.9477210029008369,0.5305317509582371,0.0,cpu
Chaos,Q8,1208,3.9735099337748343,PCA,A,42,0.9003021148036254,0.5,0.9531147423708184,0.98756066426112,0.12315026985470336,0.004037871812356976,cpu
Chaos,Q8,1208,3.9735099337748343,IF,A,42,0.8580441640378549,0.4444444444444445,0.8693788580473629,0.9449926526410278,0.5305317509582371,0.004037871812356976,cpu
Chaos,Q4,608,7.894736842105263,PCA,A,42,0.22744503411675512,1.0,0.9605118256405292,0.9902553978559555,0.12315026985470336,0.07004376518630748,cpu
Chaos,Q4,608,7.894736842105263,IF,A,42,0.5333333333333333,0.09615384615384615,0.8647748081844296,0.9354580575003375,0.5305317509582371,0.07004376518630748,cpu
Chaos,R4,150,32.0,D4,B,42,0.1553398058252427,0.5,0.14822005398151974,0.16289809317619766,2.200009968922311,,cpu
UCR,R0,191508,1.0,PCA,A,42,0.0,0.0,0.017173796160057642,0.01772852378197879,1795475.2652261332,0.0,cpu
UCR,R0,191508,1.0,IF,A,42,0.24246395806028834,0.06557377049180328,0.17668642486727107,0.14977722718836162,0.622180960762438,0.0,cpu
UCR,Q8,47885,3.999331732275243,PCA,A,42,0.0,0.0,0.0171982980097452,0.017752716625022334,1795475.2652261332,2.195143514272782,cpu
UCR,Q8,47885,3.999331732275243,IF,A,42,0.24167210973220118,0.0625,0.17665202267497027,0.14801324003031896,0.622180960762438,2.195143514272782,cpu
UCR,Q4,23947,7.997160395874222,PCA,A,42,0.0,0.0,0.016781442177957184,0.017122519713871985,1795475.2652261332,37.061409523856035,cpu
UCR,Q4,23947,7.997160395874222,IF,A,42,0.25452109845947757,0.07843137254901959,0.20728285919556977,0.1648607835424785,0.622180960762438,37.061409523856035,cpu
UCR,R4,5984,32.0,D4,B,42,0.010554089709762533,0.020618556701030924,0.014364408040079917,0.01469506988441553,4.775144943067589,,cpu
Spike,R0,4800,1.0,PCA,A,43,0.5633802816901409,1.0,0.3052586528486884,0.7000581936576784,0.34580853242137155,0.0,cpu
Spike,R0,4800,1.0,IF,A,43,0.5135135135135135,0.16666666666666669,0.35523376820624153,0.7866398657721323,0.5112121334041986,0.0,cpu
Spike,Q8,1208,3.9735099337748343,PCA,A,43,0.5633802816901409,1.0,0.30629685882875485,0.7000581936576784,0.34580853242137155,0.0054175481449696035,cpu
Spike,Q8,1208,3.9735099337748343,IF,A,43,0.5277777777777778,0.19999999999999998,0.355189170664048,0.7905728437703555,0.5112121334041986,0.0054175481449696035,cpu
Spike,Q4,608,7.894736842105263,PCA,A,43,0.03996003996003996,0.06666666666666667,0.3426378358037853,0.7572743489911664,0.34580853242137155,0.09368607075327294,cpu
Spike,Q4,608,7.894736842105263,IF,A,43,0.1694915254237288,0.019801980198019802,0.34039322248488735,0.7790031486861505,0.5112121334041986,0.09368607075327294,cpu
Spike,R4,150,32.0,D4,B,43,0.0,0.0,0.0164187933074193,0.03615692894282667,1.9471760725285148,,cpu
Rhythm,R0,4800,1.0,PCA,A,43,0.8957055214723927,1.0,0.703919245024753,0.8456191608709245,0.13960684388814298,0.0,cpu
Rhythm,R0,4800,1.0,IF,A,43,0.8580060422960725,0.33333333333333337,0.7599554258850837,0.873047299095757,0.5195142234974452,0.0,cpu
Rhythm,Q8,1208,3.9735099337748343,PCA,A,43,0.8957055214723927,1.0,0.7035151597143907,0.8455272762523125,0.13960684388814298,0.0026022816668892982,cpu
Rhythm,Q8,1208,3.9735099337748343,IF,A,43,0.8477611940298507,0.2727272727272727,0.7577420496550434,0.8734676531525877,0.5195142234974452,0.0026022816668892982,cpu
Rhythm,Q4,608,7.894736842105263,PCA,A,43,0.46439628482972134,0.09523809523809523,0.7052335673161416,0.8461143375149955,0.13960684388814298,0.042600670144258564,cpu
Rhythm,Q4,608,7.894736842105263,IF,A,43,0.7880434782608695,0.15384615384615385,0.7783935639017803,0.8841572817607444,0.5195142234974452,0.042600670144258564,cpu
Rhythm,R4,150,32.0,D4,B,43,0.7317073170731707,1.0,0.6639273914201972,0.7206938305572272,2.0815927604129834,,cpu
Drift,R0,4800,1.0,PCA,A,43,0.7918088737201365,1.0,0.7491588402952509,0.8226865454761663,0.13508592320396356,0.0,cpu
Drift,R0,4800,1.0,IF,A,43,0.7791619479048698,0.8571428571428571,0.8169567538803725,0.8797682899652929,0.5181970716233898,0.0,cpu
Drift,Q8,1208,3.9735099337748343,PCA,A,43,0.7890535917901939,1.0,0.7482249647069271,0.8221205692389187,0.13508592320396356,0.004037754937964015,cpu
Drift,Q8,1208,3.9735099337748343,IF,A,43,0.7765237020316027,0.8070175438596492,0.816205230396857,0.8791069524347571,0.5181970716233898,0.004037754937964015,cpu
Drift,Q4,608,7.894736842105263,PCA,A,43,0.594333936106088,0.7272727272727273,0.6765190861463171,0.7533995052939053,0.13508592320396356,0.06905698861834196,cpu
Drift,Q4,608,7.894736842105263,IF,A,43,0.6440397350993378,0.3597122302158273,0.6968141731877882,0.7612056662614116,0.5181970716233898,0.06905698861834196,cpu
Drift,R4,150,32.0,D4,B,43,0.20915032679738563,0.8235294117647058,0.464569105100908,0.5017482552861335,2.079361544879665,,cpu
Drift,R4-decode,150,32.0,PCA,A,43,0.5974805038992201,1.0,0.35529572060457104,0.3951025379260033,0.13508592320396356,0.34982435583567956,cpu
Chaos,R0,4800,1.0,PCA,A,43,0.9141104294478528,1.0,0.9434358006365242,0.9840950038853421,0.13508592320396356,0.0,cpu
Chaos,R0,4800,1.0,IF,A,43,0.8493975903614458,0.13333333333333333,0.8968491846736248,0.9695736294043114,0.5181970716233898,0.0,cpu
Chaos,Q8,1208,3.9735099337748343,PCA,A,43,0.9141104294478528,1.0,0.9437817129701724,0.9841481892489966,0.13508592320396356,0.004423783308029307,cpu
Chaos,Q8,1208,3.9735099337748343,IF,A,43,0.8459214501510574,0.25,0.8955635372403844,0.9704971975141395,0.5181970716233898,0.004423783308029307,cpu
Chaos,Q4,608,7.894736842105263,PCA,A,43,0.2329192546583851,0.15384615384615385,0.9101385468045216,0.9758608939889011,0.13508592320396356,0.07530997570172167,cpu
Chaos,Q4,608,7.894736842105263,IF,A,43,0.5645161290322581,0.05714285714285715,0.8461542842473025,0.9418661757522564,0.5181970716233898,0.07530997570172167,cpu
Chaos,R4,150,32.0,D4,B,43,0.183206106870229,0.25,0.16509469570761345,0.18185660141019208,2.079361544879665,,cpu
UCR,R0,191508,1.0,PCA,A,43,0.0,0.0,0.017173796160057642,0.01772852378197879,1795475.2652261332,0.0,cpu
UCR,R0,191508,1.0,IF,A,43,0.27116311080523053,0.07142857142857142,0.2544446868181393,0.18539228901826585,0.6135068370679937,0.0,cpu
UCR,Q8,47885,3.999331732275243,PCA,A,43,0.0,0.0,0.0171982980097452,0.017752716625022334,1795475.2652261332,2.195143514272782,cpu
UCR,Q8,47885,3.999331732275243,IF,A,43,0.27285318559556787,0.07407407407407407,0.2541279730458136,0.18509033133319952,0.6135068370679937,2.195143514272782,cpu
UCR,Q4,23947,7.997160395874222,PCA,A,43,0.0,0.0,0.016781442177957184,0.017122519713871985,1795475.2652261332,37.061409523856035,cpu
UCR,Q4,23947,7.997160395874222,IF,A,43,0.2667560321715818,0.09523809523809523,0.2669818602848102,0.2166988895568138,0.6135068370679937,37.061409523856035,cpu
UCR,R4,5984,32.0,D4,B,43,0.010554089709762533,0.020618556701030924,0.014364408040079917,0.01469506988441553,4.775144943067589,,cpu
Spike,R0,4800,1.0,PCA,A,44,0.46511627906976744,0.5,0.30276546212373134,0.7079595058876429,0.29933900444204675,0.0,cpu
Spike,R0,4800,1.0,IF,A,44,0.5161290322580645,0.3636363636363636,0.5001394001798798,0.8793895680828475,0.5300971211515716,0.0,cpu
Spike,Q8,1208,3.9735099337748343,PCA,A,44,0.45977011494252873,0.5,0.30276546212373134,0.7079595058876429,0.29933900444204675,0.005457518627212912,cpu
Spike,Q8,1208,3.9735099337748343,IF,A,44,0.5,0.4,0.49047076387928706,0.8744323242997788,0.5300971211515716,0.005457518627212912,cpu
Spike,Q4,608,7.894736842105263,PCA,A,44,0.034722222222222224,0.16666666666666669,0.274822349938304,0.6625485397205262,0.29933900444204675,0.09459178370323265,cpu
Spike,Q4,608,7.894736842105263,IF,A,44,0.22099447513812154,0.044444444444444446,0.4416217262289625,0.8126046162123476,0.5300971211515716,0.09459178370323265,cpu
Spike,R4,150,32.0,D4,B,44,0.0,0.0,0.01597406914893617,0.05421444641185946,2.567497745738328,,cpu
Rhythm,R0,4800,1.0,PCA,A,44,0.8604651162790697,0.5,0.716882597414204,0.8563637853221318,0.1157376390621975,0.0,cpu
Rhythm,R0,4800,1.0,IF,A,44,0.8711656441717791,0.2222222222222222,0.8075219936000742,0.9105778262497749,0.5284417394473769,0.0,cpu
Rhythm,Q8,1208,3.9735099337748343,PCA,A,44,0.8604651162790697,0.5,0.7164406035408403,0.8561761471515872,0.1157376390621975,0.002549381422631659,cpu
Rhythm,Q8,1208,3.9735099337748343,IF,A,44,0.8738461538461538,0.25,0.8043481312243232,0.9103421101489262,0.5284417394473769,0.002549381422631659,cpu
Rhythm,Q4,608,7.894736842105263,PCA,A,44,0.354916067146283,0.04878048780487806,0.7134412231654275,0.8559687824242531,0.1157376390621975,0.04306090391358424,cpu
Rhythm,Q4,608,7.894736842105263,IF,A,44,0.7956403269754768,0.1142857142857143,0.7977643664447787,0.9028260774012952,0.5284417394473769,0.04306090391358424,cpu
Rhythm,R4,150,32.0,D4,B,44,0.6870229007633588,0.8571428571428571,0.6371903319631825,0.6885361622888324,2.079361544879665,,cpu
Drift,R0,4800,1.0,PCA,A,44,0.797281993204983,1.0,0.7466935672746395,0.8233157424261114,0.11692654860979726,0.0,cpu
Drift,R0,4800,1.0,IF,A,44,0.7473560517038778,0.9268292682926829,0.8354663988808517,0.8878946587388188,0.5299841468072805,0.0,cpu
Drift,Q8,1208,3.9735099337748343,PCA,A,44,0.7986425339366516,1.0,0.7452308009381947,0.8219092322977483,0.11692654860979726,0.004071804642616531,cpu
Drift,Q8,1208,3.9735099337748343,IF,A,44,0.7444051825677267,0.9473684210526316,0.8367973873529774,0.8893233737970077,0.5299841468072805,0.004071804642616531,cpu
Drift,Q4,608,7.894736842105263,PCA,A,44,0.5966386554621849,1.0,0.6697699474012255,0.7462540229862158,0.11692654860979726,0.07090503269704787,cpu
Drift,Q4,608,7.894736842105263,IF,A,44,0.7248459958932238,0.4050632911392405,0.7807911747447865,0.8353022225346722,0.5299841468072805,0.07090503269704787,cpu
Drift,R4,150,32.0,D4,B,44,0.14388489208633093,0.8,0.4729030973498257,0.5250944097679321,2.5668916024438295,,cpu
Drift,R4-decode,150,32.0,PCA,A,44,0.5991611743559018,1.0,0.34263332375064043,0.39299221865966694,0.11692654860979726,0.34071927560150894,cpu
Chaos,R0,4800,1.0,PCA,A,44,0.8771929824561403,0.6666666666666666,0.9602530314139577,0.986310611506938,0.11692654860979726,0.0,cpu
Chaos,R0,4800,1.0,IF,A,44,0.8834355828220859,0.5,0.8599197029557405,0.9497685376486638,0.5299841468072805,0.0,cpu
Chaos,Q8,1208,3.9735099337748343,PCA,A,44,0.8823529411764706,0.6666666666666666,0.9600352944193599,0.9862340022883033,0.11692654860979726,0.004011239362200509,cpu
Chaos,Q8,1208,3.9735099337748343,IF,A,44,0.8881987577639752,0.7272727272727273,0.8632564051019634,0.9500576253816938,0.5299841468072805,0.004011239362200509,cpu
Chaos,Q4,608,7.894736842105263,PCA,A,44,0.2425222312045271,0.11764705882352941,0.9642571177110744,0.9872489624926257,0.11692654860979726,0.06668365052372364,cpu
Chaos,Q4,608,7.894736842105263,IF,A,44,0.7153652392947103,0.15789473684210528,0.8360767358906843,0.9382734399684202,0.5299841468072805,0.06668365052372364,cpu
Chaos,R4,150,32.0,D4,B,44,0.24242424242424243,0.5714285714285715,0.3083187759964643,0.3267461743992584,2.5668916024438295,,cpu
UCR,R0,191508,1.0,PCA,A,44,0.0,0.0,0.017173796160057642,0.01772852378197879,1795475.2652261332,0.0,cpu
UCR,R0,191508,1.0,IF,A,44,0.2772695285010556,0.0689655172413793,0.2136745791286451,0.18032044864278252,0.6193251590067603,0.0,cpu
UCR,Q8,47885,3.999331732275243,PCA,A,44,0.0,0.0,0.0171982980097452,0.017752716625022334,1795475.2652261332,2.195143514272782,cpu
UCR,Q8,47885,3.999331732275243,IF,A,44,0.2756183745583039,0.07142857142857142,0.21420340906967192,0.1793892026114977,0.6193251590067603,2.195143514272782,cpu
UCR,Q4,23947,7.997160395874222,PCA,A,44,0.0,0.0,0.016781442177957184,0.017122519713871985,1795475.2652261332,37.061409523856035,cpu
UCR,Q4,23947,7.997160395874222,IF,A,44,0.2733516483516483,0.07017543859649122,0.2211320469156327,0.18412419128135524,0.6193251590067603,37.061409523856035,cpu
UCR,R4,5984,32.0,D4,B,44,0.010554089709762533,0.020618556701030924,0.014364408040079917,0.01469506988441553,4.775144943067589,,cpu
Spike,R0,4800,1.0,PCA,A,45,0.5555555555555556,0.6666666666666666,0.33061911187428417,0.7396411619937736,0.35057617638630423,0.0,cpu
Spike,R0,4800,1.0,IF,A,45,0.391304347826087,0.0909090909090909,0.41087382072006956,0.8065653200965034,0.511488772264914,0.0,cpu
Spike,Q8,1208,3.9735099337748343,PCA,A,45,0.5633802816901409,1.0,0.33061911187428417,0.7396411619937736,0.35057617638630423,0.005393571705838166,cpu
Spike,Q8,1208,3.9735099337748343,IF,A,45,0.37894736842105264,0.07692307692307693,0.4046071145800276,0.8110884256859465,0.511488772264914,0.005393571705838166,cpu
Spike,Q4,608,7.894736842105263,PCA,A,45,0.042643923240938165,0.0625,0.29971555462069444,0.6917481844114791,0.35057617638630423,0.090616368549129,cpu
Spike,Q4,608,7.894736842105263,IF,A,45,0.09947643979057591,0.017094017094017096,0.2835759537593307,0.7595572360617207,0.511488772264914,0.090616368549129,cpu
Spike,R4,150,32.0,D4,B,45,0.0,0.0,0.017619047619047618,0.04227860926128651,2.305847397772907,,cpu
Rhythm,R0,4800,1.0,PCA,A,45,0.8929663608562691,0.6666666666666666,0.6999233865308825,0.847900652205838,0.13737295481311115,0.0,cpu
Rhythm,R0,4800,1.0,IF,A,45,0.8466257668711656,0.5263157894736842,0.7071217366799155,0.8555169304007935,0.5245335277394864,0.0,cpu
Rhythm,Q8,1208,3.9735099337748343,PCA,A,45,0.8929663608562691,0.6666666666666666,0.6995973199479649,0.8478358916398681,0.13737295481311115,0.0025576595820510323,cpu
Rhythm,Q8,1208,3.9735099337748343,IF,A,45,0.845679012345679,0.5,0.7070702234131615,0.855897158011215,0.5245335277394864,0.0025576595820510323,cpu
Rhythm,Q4,608,7.894736842105263,PCA,A,45,0.40329218106995884,0.05128205128205127,0.7016762523266673,0.8490188341377549,0.13737295481311115,0.04318961552123268,cpu
Rhythm,Q4,608,7.894736842105263,IF,A,45,0.7875354107648725,0.2285714285714286,0.6936584298860071,0.8431721381644943,0.5245335277394864,0.04318961552123268,cpu
Rhythm,R4,150,32.0,D4,B,45,0.7086614173228346,0.923076923076923,0.6687663327439997,0.7383699476877708,2.2034930662774603,,cpu
Drift,R0,4800,1.0,PCA,A,45,0.7402135231316725,1.0,0.713917819121593,0.7879564772784261,0.1369661533742599,0.0,cpu
Drift,R0,4800,1.0,IF,A,45,0.8075639599555061,0.888888888888889,0.8588709976118413,0.9107062360010427,0.5192811486790059,0.0,cpu
Drift,Q8,1208,3.9735099337748343,PCA,A,45,0.7431952662721893,1.0,0.7144396123024176,0.7882546932713835,0.1369661533742599,0.0040923141275302334,cpu
Drift,Q8,1208,3.9735099337748343,IF,A,45,0.8102678571428571,0.923076923076923,0.8595518794286325,0.9108349472163876,0.5192811486790059,0.0040923141275302334,cpu
Drift,Q4,608,7.894736842105263,PCA,A,45,0.585635359116022,0.5714285714285715,0.6650886437879815,0.7374571855635674,0.1369661533742599,0.06930248516245882,cpu
Drift,Q4,608,7.894736842105263,IF,A,45,0.6763698630136986,0.3364485981308411,0.7859066168463058,0.839428700119856,0.5192811486790059,0.06930248516245882,cpu
Drift,R4,150,32.0,D4,B,45,0.21476510067114093,0.7142857142857143,0.46299478370328906,0.49894561199609705,2.305847397772907,,cpu
Drift,R4-decode,150,32.0,PCA,A,45,0.5974805038992201,1.0,0.34168239382465604,0.377505167975323,0.1369661533742599,0.35018037664928053,cpu
Chaos,R0,4800,1.0,PCA,A,45,0.9003021148036254,0.6666666666666666,0.984872324438066,0.995343687302814,0.1369661533742599,0.0,cpu
Chaos,R0,4800,1.0,IF,A,45,0.8292682926829268,0.3076923076923077,0.9011144263624853,0.9678349331264817,0.5192811486790059,0.0,cpu
Chaos,Q8,1208,3.9735099337748343,PCA,A,45,0.8869047619047619,0.4,0.9844507205681863,0.9953201924508536,0.1369661533742599,0.0038555737989233083,cpu
Chaos,Q8,1208,3.9735099337748343,IF,A,45,0.8363636363636363,0.35294117647058826,0.9028874524641691,0.9692652868247571,0.5192811486790059,0.0038555737989233083,cpu
Chaos,Q4,608,7.894736842105263,PCA,A,45,0.24937655860349128,0.07999999999999999,0.9861604489960154,0.9956574714602252,0.1369661533742599,0.06597900354548772,cpu
Chaos,Q4,608,7.894736842105263,IF,A,45,0.6194690265486725,0.11594202898550725,0.9078110477689593,0.9617842046053832,0.5192811486790059,0.06597900354548772,cpu
Chaos,R4,150,32.0,D4,B,45,0.23300970873786409,0.6,0.252676430046449,0.2674862919307526,2.305847397772907,,cpu
UCR,R0,191508,1.0,PCA,A,45,0.0,0.0,0.017173796160057642,0.01772852378197879,1795475.2652261332,0.0,cpu
UCR,R0,191508,1.0,IF,A,45,0.2773722627737226,0.06666666666666667,0.21049248836988504,0.19678084538419882,0.6221290983909836,0.0,cpu
UCR,Q8,47885,3.999331732275243,PCA,A,45,0.0,0.0,0.0171982980097452,0.017752716625022334,1795475.2652261332,2.195143514272782,cpu
UCR,Q8,47885,3.999331732275243,IF,A,45,0.2765647743813683,0.06557377049180328,0.21025143385695821,0.19418050628287123,0.6221290983909836,2.195143514272782,cpu
UCR,Q4,23947,7.997160395874222,PCA,A,45,0.0,0.0,0.016781442177957184,0.017122519713871985,1795475.2652261332,37.061409523856035,cpu
UCR,Q4,23947,7.997160395874222,IF,A,45,0.28233555062823357,0.0689655172413793,0.23175667350132084,0.19533515440014168,0.6221290983909836,37.061409523856035,cpu
UCR,R4,5984,32.0,D4,B,45,0.010554089709762533,0.020618556701030924,0.014364408040079917,0.01469506988441553,4.775144943067589,,cpu
Spike,R0,4800,1.0,PCA,A,46,0.5633802816901409,1.0,0.31035546761130606,0.7152995502492544,0.3234905856388554,0.0,cpu
Spike,R0,4800,1.0,IF,A,46,0.45977011494252873,0.1111111111111111,0.3711642000558707,0.7848072994514148,0.5113346459878717,0.0,cpu
Spike,Q8,1208,3.9735099337748343,PCA,A,46,0.5633802816901409,1.0,0.31203025116108957,0.7238809710372437,0.3234905856388554,0.005525618066945433,cpu
Spike,Q8,1208,3.9735099337748343,IF,A,46,0.43478260869565216,0.08333333333333333,0.37382718679531846,0.7861224567595179,0.5113346459878717,0.005525618066945433,cpu
Spike,Q4,608,7.894736842105263,PCA,A,46,0.034782608695652174,0.25,0.3011510893910276,0.7050612658751624,0.3234905856388554,0.09706465699037732,cpu
Spike,Q4,608,7.894736842105263,IF,A,46,0.09950248756218906,0.015625,0.31481375441927895,0.7446935878218826,0.5113346459878717,0.09706465699037732,cpu
Spike,R4,150,32.0,D4,B,46,0.0,0.0,0.01665702160493827,0.049256214524237056,2.204063997877275,,cpu
Rhythm,R0,4800,1.0,PCA,A,46,0.8923076923076924,1.0,0.6944892470251426,0.8437014549027841,0.12586728107933423,0.0,cpu
Rhythm,R0,4800,1.0,IF,A,46,0.8282208588957055,0.4,0.7093178815459237,0.8517376972197136,0.520332918876926,0.0,cpu
Rhythm,Q8,1208,3.9735099337748343,PCA,A,46,0.8923076923076924,1.0,0.6954827997197065,0.8444467263595284,0.12586728107933423,0.0025345171262351985,cpu
Rhythm,Q8,1208,3.9735099337748343,IF,A,46,0.8195718654434251,0.3157894736842105,0.7026923887226563,0.8495202048747634,0.520332918876926,0.0025345171262351985,cpu
Rhythm,Q4,608,7.894736842105263,PCA,A,46,0.40214477211796246,0.06451612903225806,0.7077010298841667,0.8515880182754524,0.12586728107933423,0.04369662907849491,cpu
Rhythm,Q4,608,7.894736842105263,IF,A,46,0.7840909090909091,0.2285714285714286,0.7151133470850971,0.8545493207691105,0.520332918876926,0.04369662907849491,cpu
Rhythm,R4,150,32.0,D4,B,46,0.6870229007633588,0.8571428571428571,0.6288127309269005,0.6823116455831912,1.6140896298884355,,cpu
Drift,R0,4800,1.0,PCA,A,46,0.7945516458569807,1.0,0.7575557479828998,0.8349682509349069,0.12634620234088004,0.0,cpu
Drift,R0,4800,1.0,IF,A,46,0.7832957110609481,0.7727272727272727,0.8550878522173857,0.9006107279968368,0.5284553456995661,0.0,cpu
Drift,Q8,1208,3.9735099337748343,PCA,A,46,0.7959183673469388,1.0,0.7534321710233026,0.8303007834979856,0.12634620234088004,0.003911089406487786,cpu
Drift,Q8,1208,3.9735099337748343,IF,A,46,0.7824126268320181,0.761904761904762,0.8541823598234503,0.8999224788663561,0.5284553456995661,0.003911089406487786,cpu
Drift,Q4,608,7.894736842105263,PCA,A,46,0.5991611743559018,1.0,0.66986423351213,0.7476754870360451,0.12634620234088004,0.07017618016910783,cpu
Drift,Q4,608,7.894736842105263,IF,A,46,0.7256317689530686,0.4893617021276596,0.80183116277997,0.8480411956635453,0.5284553456995661,0.07017618016910783,cpu
Drift,R4,150,32.0,D4,B,46,0.20915032679738563,0.7368421052631579,0.4586074546421675,0.5115260847918167,2.0862921667896197,,cpu
Drift,R4-decode,150,32.0,PCA,A,46,0.5991611743559018,1.0,0.3552436154820569,0.398860260379558,0.12634620234088004,0.35240559376074476,cpu
Chaos,R0,4800,1.0,PCA,A,46,0.8996960486322189,1.0,0.9884472337124004,0.9971122563474853,0.12634620234088004,0.0,cpu
Chaos,R0,4800,1.0,IF,A,46,0.8228228228228228,0.2608695652173913,0.9222954299299456,0.9712521014388332,0.5284553456995661,0.0,cpu
Chaos,Q8,1208,3.9735099337748343,PCA,A,46,0.9030303030303031,1.0,0.9884472337124004,0.9971122563474853,0.12634620234088004,0.003698110007594416,cpu
Chaos,Q8,1208,3.9735099337748343,IF,A,46,0.8106508875739645,0.24000000000000002,0.9239310829460984,0.9722627140235017,0.5284553456995661,0.003698110007594416,cpu
Chaos,Q4,608,7.894736842105263,PCA,A,46,0.26881720430107525,0.07999999999999999,0.9796026077338736,0.9954392440138666,0.12634620234088004,0.06188716737124652,cpu
Chaos,Q4,608,7.894736842105263,IF,A,46,0.6261261261261262,0.06779661016949151,0.9142582468852258,0.9695717584168313,0.5284553456995661,0.06188716737124652,cpu
Chaos,R4,150,32.0,D4,B,46,0.07207207207207207,0.19999999999999998,0.16795211842580263,0.1821052712527539,2.0862921667896197,,cpu
UCR,R0,191508,1.0,PCA,A,46,0.0,0.0,0.017173796160057642,0.01772852378197879,1795475.2652261332,0.0,cpu
UCR,R0,191508,1.0,IF,A,46,0.2606924643584521,0.07692307692307693,0.18461191734511015,0.15884415485901204,0.6188903251861831,0.0,cpu
UCR,Q8,47885,3.999331732275243,PCA,A,46,0.0,0.0,0.0171982980097452,0.017752716625022334,1795475.2652261332,2.195143514272782,cpu
UCR,Q8,47885,3.999331732275243,IF,A,46,0.2615803814713896,0.07692307692307693,0.183656630608444,0.15863483489182337,0.6188903251861831,2.195143514272782,cpu
UCR,Q4,23947,7.997160395874222,PCA,A,46,0.0,0.0,0.016781442177957184,0.017122519713871985,1795475.2652261332,37.061409523856035,cpu
UCR,Q4,23947,7.997160395874222,IF,A,46,0.2669461914744934,0.07843137254901959,0.20068530519280692,0.1630070000813501,0.6188903251861831,37.061409523856035,cpu
UCR,R4,5984,32.0,D4,B,46,0.010554089709762533,0.020618556701030924,0.014364408040079917,0.01469506988441553,4.775144943067589,,cpu
